{"micro-precision": 0.08822391720085167, "micro-recall": 0.29372852233676977, "macro-precision": 0.07984790874524715, "macro-recall": 0.4077669902912621, "support": 97, "micro-f1": 0.13569166289676352, "macro-f1": 0.13354531001589826, "time": 10704.071529388428}