{"micro-precision": 0.44329896907216504, "micro-recall": 0.7568728522336771, "macro-precision": 0.44329896907216493, "macro-recall": 0.6262135922330098, "support": 97, "micro-f1": 0.5591215343630314, "macro-f1": 0.5191146881287727, "time": 76.65705871582031}