{"micro-precision": 0.07377386781912187, "micro-recall": 0.18049828178694158, "macro-precision": 0.04055496264674493, "macro-recall": 0.18446601941747573, "support": 97, "micro-f1": 0.104738614927027, "macro-f1": 0.06649168853893263, "time": 10826.62621998787}